plot;plot_code;nurse;nurse_code;oc_bio01;oc_bio02;oc_bio03;oc_bio04;oc_bio05;oc_bio06;oc_bio07;oc_bio08;oc_bio09;oc_bio10;oc_bio11;oc_bio12;oc_bio13;oc_bio14;oc_bio15;oc_bio16;oc_bio17;oc_bio18;oc_bio19;cic_bio01;cd_abs_bio01;cd_bio01;cic_bio02;cd_abs_bio02;cd_bio02;cic_bio03;cd_abs_bio03;cd_bio03;cic_bio04;cd_abs_bio04;cd_bio04;cic_bio05;cd_abs_bio05;cd_bio05;cic_bio06;cd_abs_bio06;cd_bio06;cic_bio07;cd_abs_bio07;cd_bio07;cic_bio08;cd_abs_bio08;cd_bio08;cic_bio09;cd_abs_bio09;cd_bio09;cic_bio10;cd_abs_bio10;cd_bio10;cic_bio11;cd_abs_bio11;cd_bio11;cic_bio12;cd_abs_bio12;cd_bio12;cic_bio13;cd_abs_bio13;cd_bio13;cic_bio14;cd_abs_bio14;cd_bio14;cic_bio15;cd_abs_bio15;cd_bio15;cic_bio16;cd_abs_bio16;cd_bio16;cic_bio17;cd_abs_bio17;cd_bio17;cic_bio18;cd_abs_bio18;cd_bio18;cic_bio19;cd_abs_bio19;cd_bio19
1;SNEV01;open;SNEV01_open;117;104;349;6270;279;-18;297;55;212;212;38;588;91;3;58;262;11;11;245;122.724304801632;5.72430480163204;5.72430480163204;94.9945046950904;-9.00549530490962;-9.00549530490962;343.068973720826;-5.93102627917369;-5.93102627917369;6073.93575189744;-196.064248102562;-196.064248102562;274.946430682515;-4.05356931748452;-4.05356931748452;-1.80781528339735;-16.1921847166026;16.1921847166026;282.843250225995;-14.1567497740053;-14.1567497740053;105.894114822816;50.8941148228158;50.8941148228158;214.349133517171;2.3491335171706;2.3491335171706;217.374037944773;5.37403794477325;5.37403794477325;43.9363523981404;5.93635239814044;5.93635239814044;541.200461424657;-46.7995385753431;-46.7995385753431;84.7570046240794;-6.24299537592056;-6.24299537592056;4.75836476395853;1.75836476395853;1.75836476395853;45.5091955478003;-12.4908044521997;-12.4908044521997;210.313860264089;-51.6861397359108;-51.6861397359108;17.7908805515213;6.79088055152126;6.79088055152126;17.9215571658065;6.92155716580653;6.92155716580653;170.93018261276;-74.0698173872401;-74.0698173872401
2;SNEV02;open;SNEV02_open;99;104;352;6199;259;-36;295;37;192;192;20;614;93;4;58;269;14;14;251;127.273255907978;28.2732559079777;28.2732559079777;93.7704689774138;-10.2295310225862;-10.2295310225862;342.475808153969;-9.52419184603133;-9.52419184603133;6022.46102688734;-176.538973112657;-176.538973112657;278.215191541553;19.2151915415533;19.2151915415533;2.52173225908557;-33.4782677409144;38.5217322590856;280.103173305076;-14.8968266949237;-14.8968266949237;113.414997644993;76.4149976449928;76.4149976449928;218.372587868169;26.3725878681686;26.3725878681686;221.409761623325;29.4097616233247;29.4097616233247;47.8620765614403;27.8620765614403;27.8620765614403;528.294995449968;-85.705004550032;-85.705004550032;81.3524945351503;-11.6475054648497;-11.6475054648497;4.36380115666279;0.363801156662786;0.363801156662786;44.3267178717031;-13.6732821282969;-13.6732821282969;201.904026891169;-67.0959731088309;-67.0959731088309;16.6778023140755;2.67780231407551;2.67780231407551;16.7201961657531;2.72019616575309;2.72019616575309;163.50482589515;-87.49517410485;-87.49517410485
3;SNEV03;open;SNEV03_open;81;104;354;6132;240;-53;293;21;173;173;3;632;95;4;57;275;14;14;255;130.029846553911;49.0298465539111;49.0298465539111;94.3043864398258;-9.69561356017422;-9.69561356017422;336.898278471565;-17.1017215284347;-17.1017215284347;5859.66436384505;-272.335636154949;-272.335636154949;281.394079954655;41.394079954655;41.394079954655;16.7793864148408;-36.2206135851592;69.7793864148408;288.021375672949;-4.97862432705102;-4.97862432705102;92.3044366621153;71.3044366621153;71.3044366621153;222.335065661447;49.3350656614469;49.3350656614469;221.878760964008;48.8787609640082;48.8787609640082;54.0285009926381;51.0285009926381;51.0285009926381;515.945180783316;-116.054819216684;-116.054819216684;59.709153079377;-35.290846920623;-35.290846920623;10.0597386974014;6.05973869740136;6.05973869740136;31.6596146537879;-25.3403853462121;-25.3403853462121;169.116310955233;-105.883689044767;-105.883689044767;34.6975550430018;20.6975550430018;20.6975550430018;29.9619742449844;15.9619742449844;15.9619742449844;128.813156672615;-126.186843327385;-126.186843327385
4;SNEV04;open;SNEV04_open;115;96;340;6082;267;-14;281;55;207;207;38;417;60;4;50;175;18;18;160;153.3759125506;38.3759125506003;38.3759125506003;99.2284307188606;3.22843071886062;3.22843071886062;343.15732101679;3.15732101678952;3.15732101678952;5893.00596182115;-188.994038178848;-188.994038178848;297.512890458885;30.5128904588848;30.5128904588848;25.8879963523104;11.8879963523104;39.8879963523104;294.953984711849;13.9539847118489;13.9539847118489;99.0256349766111;44.0256349766111;44.0256349766111;242.599200846378;35.5992008463782;35.5992008463782;247.884124518014;40.8841245180142;40.8841245180142;72.4249511266463;34.4249511266463;34.4249511266463;575.818078273445;158.818078273445;158.818078273445;83.6230562678313;23.6230562678313;23.6230562678313;4.23047070097098;0.230470700970985;0.230470700970985;45.37145910585;-4.62854089415004;-4.62854089415004;229.501967014536;54.5019670145363;54.5019670145363;15.1259961232545;-2.87400387674546;-2.87400387674546;14.5684068632551;-3.43159313674491;-3.43159313674491;159.052026407233;-0.947973592766658;-0.947973592766658
5;SNEV05;open;SNEV05_open;94;97;344;6049;246;-36;282;34;185;185;17;433;60;5;49;177;19;19;162;121.552329033342;27.5523290333418;27.5523290333418;99.2780390129605;2.27803901296052;2.27803901296052;336.597462136872;-7.40253786312849;-7.40253786312849;6441.77884478048;392.778844780475;392.778844780475;284.210553795236;38.2105537952355;38.2105537952355;-8.53353031543737;-27.4664696845626;27.4664696845626;295.603093728964;13.6030937289639;13.6030937289639;75.0197723610041;41.0197723610041;41.0197723610041;225.821564868237;40.8215648682372;40.8215648682372;226.833462542538;41.833462542538;41.833462542538;42.8074226941614;25.8074226941614;25.8074226941614;593.834880258829;160.834880258829;160.834880258829;82.6288855754079;22.6288855754079;22.6288855754079;4.55016404135654;-0.449835958643462;-0.449835958643462;47.3600406953878;-1.63995930461216;-1.63995930461216;236.314186854015;59.3141868540148;59.3141868540148;16.4950932859982;-2.50490671400181;-2.50490671400181;16.5105052063199;-2.4894947936801;-2.4894947936801;211.991394084655;49.9913940846554;49.9913940846554
6;SNEV06;open;SNEV06_open;67;99;349;5994;219;-63;282;8;157;157;-9;581;80;5;53;230;19;19;223;83.0088608565785;16.0088608565785;16.0088608565785;99.4991881365445;0.499188136544461;0.499188136544461;349.380801854221;0.380801854221261;0.380801854221261;5990.20208945801;-3.79791054199359;-3.79791054199359;234.136616195512;15.1366161955119;15.1366161955119;-45.6157134376658;-17.3842865623342;17.3842865623342;282.882931981858;0.882931981858235;0.882931981858235;30.9802591848047;22.9802591848047;22.9802591848047;173.135279216634;16.1352792166337;16.1352792166337;173.427389052966;16.4273890529664;16.4273890529664;5.94412151116324;-3.05587848883676;14.9441215111632;586.806385396537;5.80638539653705;5.80638539653705;76.3903486348621;-3.60965136513794;-3.60965136513794;5.03618472382506;0.0361847238250599;0.0361847238250599;49.2710794176635;-3.7289205823365;-3.7289205823365;219.452033547096;-10.5479664529041;-10.5479664529041;18.759084733868;-0.240915266132038;-0.240915266132038;18.7543435628318;-0.245656437168215;-0.245656437168215;208.148085235742;-14.8519147642577;-14.8519147642577
7;SNEV07;open;SNEV07_open;111;103;350;6192;271;-23;294;50;204;204;32;628;99;4;58;285;14;14;263;140.678366198671;29.6783661986713;29.6783661986713;93.698997706804;-9.30100229319599;-9.30100229319599;339.630244684162;-10.3697553158382;-10.3697553158382;5817.8896768295;-374.110323170496;-374.110323170496;285.526873623152;14.5268736231523;14.5268736231523;17.6131316274133;-5.38686837258669;40.6131316274133;277.195128452992;-16.8048715470076;-16.8048715470076;145.249321180829;95.2493211808293;95.2493211808293;232.53367173053;28.5336717305296;28.5336717305296;236.515489212682;32.515489212682;32.515489212682;59.6019894584598;27.6019894584598;27.6019894584598;503.422374842368;-124.577625157632;-124.577625157632;80.8620239750295;-18.1379760249705;-18.1379760249705;6.36403140769566;2.36403140769566;2.36403140769566;43.3634427585616;-14.6365572414384;-14.6365572414384;195.074008715993;-89.9259912840073;-89.9259912840073;25.6627751972765;11.6627751972765;11.6627751972765;26.9682320474138;12.9682320474138;12.9682320474138;128.108937214069;-134.891062785931;-134.891062785931
8;SNEV08;open;SNEV08_open;99;103;352;6157;257;-35;293;37;191;191;20;638;99;4;58;285;14;14;265;134.693809374938;35.6938093749382;35.6938093749382;94.5330476969282;-8.46695230307178;-8.46695230307178;338.940662773292;-13.0593372267077;-13.0593372267077;5897.04568439552;-259.95431560448;-259.95431560448;280.736907784169;23.7369077841686;23.7369077841686;13.5796171999569;-21.4203828000431;48.5796171999569;281.515353999006;-11.4846460009942;-11.4846460009942;125.445874771298;88.445874771298;88.445874771298;224.968883051598;33.9688830515981;33.9688830515981;228.0244291641;37.0244291640998;37.0244291640998;54.7902347593193;34.7902347593193;34.7902347593193;522.316063876167;-115.683936123833;-115.683936123833;73.8320807900517;-25.1679192099483;-25.1679192099483;8.08298352072842;4.08298352072842;4.08298352072842;39.9769766381716;-18.0230233618284;-18.0230233618284;193.560305896946;-91.4396941030541;-91.4396941030541;28.3933200667352;14.3933200667352;14.3933200667352;24.7136828370215;10.7136828370215;10.7136828370215;132.424876810024;-132.575123189976;-132.575123189976
9;SNEV09;open;SNEV09_open;109;105;350;6302;272;-27;299;46;204;204;29;615;92;4;58;269;12;12;252;127.790066572993;18.7900665729929;18.7900665729929;98.4806436320605;-6.51935636793954;-6.51935636793954;340.936967912909;-9.06303208709136;-9.06303208709136;5983.99666263399;-318.003337366008;-318.003337366008;282.107288408078;10.1072884080783;10.1072884080783;6.80369369133984;-20.1963063086602;33.8036936913398;285.249390216192;-13.7506097838085;-13.7506097838085;85.6546521200255;39.6546521200255;39.6546521200255;220.395512004058;16.3955120040584;16.3955120040584;221.020832685331;17.0208326853313;17.0208326853313;51.0563381944881;22.0563381944881;22.0563381944881;557.038262234703;-57.9617377652972;-57.9617377652972;78.5446872584463;-13.4553127415537;-13.4553127415537;6.3567009674399;2.3567009674399;2.3567009674399;48.4712210695856;-9.5287789304144;-9.5287789304144;225.078306273746;-43.9216937262538;-43.9216937262538;26.5040181111231;14.5040181111231;14.5040181111231;26.9331886949589;14.9331886949589;14.9331886949589;184.418255664636;-67.5817443353643;-67.5817443353643
10;SNEV10;open;SNEV10_open;95;104;352;6222;256;-40;296;33;189;189;16;612;91;4;57;265;14;14;249;134.658739246209;39.6587392462093;39.6587392462093;96.0361622694124;-7.96383773058756;-7.96383773058756;338.736270176511;-13.2637298234889;-13.2637298234889;5933.59206943006;-288.407930569935;-288.407930569935;282.612402354745;26.6124023547451;26.6124023547451;12.7641755058592;-27.2358244941408;52.7641755058592;288.533858268873;-7.46614173112721;-7.46614173112721;123.774186438181;90.7741864381806;90.7741864381806;227.947505593582;38.9475055935822;38.9475055935822;228.698747954061;39.6987479540612;39.6987479540612;55.3811356072524;39.3811356072524;39.3811356072524;518.978554920231;-93.0214450797687;-93.0214450797687;70.2291736028107;-20.7708263971893;-20.7708263971893;8.22489710573265;4.22489710573265;4.22489710573265;37.6720556810126;-19.3279443189874;-19.3279443189874;203.037096762937;-61.9629032370635;-61.9629032370635;28.8850513220405;14.8850513220405;14.8850513220405;26.1478203210922;12.1478203210922;12.1478203210922;134.565350849809;-114.434649150191;-114.434649150191
11;SNEV11;open;SNEV11_open;79;104;354;6155;239;-55;294;18;172;172;1;636;93;4;56;270;14;14;253;126.658533989835;47.6585339898348;47.6585339898348;95.2456264903075;-8.75437350969253;-8.75437350969253;342.029422908603;-11.970577091397;-11.970577091397;5797.36068369071;-357.639316309288;-357.639316309288;282.311051978976;43.3110519789756;43.3110519789756;9.05612050607746;-45.9438794939225;64.0561205060775;275.316497378816;-18.6835026211839;-18.6835026211839;114.876622701614;96.8766227016137;96.8766227016137;220.694136908926;48.6941369089262;48.6941369089262;225.161683583539;53.1616835835389;53.1616835835389;50.8981933616901;49.8981933616901;49.8981933616901;474.212933096563;-161.787066903437;-161.787066903437;57.9264778652758;-35.0735221347242;-35.0735221347242;6.57898794774087;2.57898794774087;2.57898794774087;33.6573935489362;-22.3426064510638;-22.3426064510638;162.899835422208;-107.100164577792;-107.100164577792;26.6422843173106;12.6422843173106;12.6422843173106;26.6470155908634;12.6470155908634;12.6470155908634;117.777652057485;-135.222347942515;-135.222347942515
12;SNEV12;open;SNEV12_open;117;98;345;6074;271;-14;285;57;209;209;40;525;85;4;54;236;14;14;207;153.882038710772;36.8820387107717;36.8820387107717;100.257060381728;2.25706038172764;2.25706038172764;343.944242099806;-1.05575790019395;-1.05575790019395;5813.91702579426;-260.082974205738;-260.082974205738;295.097697847702;24.0976978477019;24.0976978477019;29.9938840282511;15.9938840282511;43.9938840282511;298.182618626485;13.1826186264847;13.1826186264847;100.408505699085;43.4085056990852;43.4085056990852;240.77652055599;31.7765205559904;31.7765205559904;245.999194464406;36.9991944644058;36.9991944644058;74.0245998956992;34.0245998956992;34.0245998956992;571.269116421077;46.2691164210772;46.2691164210772;83.2949706035212;-1.70502939647881;-1.70502939647881;4.04523799037247;0.0452379903724669;0.0452379903724669;45.4226719176284;-8.57732808237163;-8.57732808237163;227.280735387724;-8.71926461227568;-8.71926461227568;13.9958416656209;-0.00415833437912205;-0.00415833437912205;14.0370198796153;0.0370198796153378;0.0370198796153378;140.17512397601;-66.8248760239899;-66.8248760239899
13;SNEV13;open;SNEV13_open;104;98;346;6038;257;-26;284;45;195;195;27;563;88;5;53;246;17;17;218;139.549024957622;35.5490249576219;35.5490249576219;100.230299805859;2.23029980585936;2.23029980585936;339.832021511494;-6.16797848850587;-6.16797848850587;6000.56155494327;-37.4384450567322;-37.4384450567322;293.433594141822;36.4335941418216;36.4335941418216;18.3431822702408;-7.65681772975916;44.3431822702408;299.695879570057;15.6958795700566;15.6958795700566;92.6799208885286;47.6799208885286;47.6799208885286;234.933630216939;39.9336302169391;39.9336302169391;237.076487714196;42.0764877141965;42.0764877141965;58.1882447524277;31.1882447524277;31.1882447524277;574.050667275244;11.0506672752438;11.0506672752438;81.2582513995689;-6.74174860043111;-6.74174860043111;4.19480607271196;-0.805193927288038;-0.805193927288038;47.6476087968186;-5.35239120318138;-5.35239120318138;229.872766893341;-16.1272331066589;-16.1272331066589;15.2467175351352;-1.7532824648648;-1.7532824648648;15.3204044988579;-1.6795955011421;-1.6795955011421;153.701093851037;-64.2989061489634;-64.2989061489634
14;SNEV14;open;SNEV14_open;74;99;351;5957;226;-56;282;16;163;163;-2;585;87;5;51;246;19;19;221;99.9171071347432;25.9171071347432;25.9171071347432;97.8652331791451;-1.13476682085491;-1.13476682085491;339.974243390612;-11.0257566093878;-11.0257566093878;6058.86613107665;101.866131076647;101.866131076647;249.969127251983;23.9691272519833;23.9691272519833;-24.8391589777907;-31.1608410222093;31.1608410222093;285.237803535106;3.23780353510625;3.23780353510625;66.1568192130772;50.1568192130772;50.1568192130772;187.15459156246;24.1545915624602;24.1545915624602;190.245980210763;27.2459802107633;27.2459802107633;23.3257765547756;21.3257765547756;25.3257765547756;566.511182665809;-18.4888173341906;-18.4888173341906;76.0136750208745;-10.9863249791255;-10.9863249791255;10.8525130066984;5.85251300669837;5.85251300669837;45.124004235739;-5.87599576426104;-5.87599576426104;216.992356543032;-29.0076434569678;-29.0076434569678;37.0630384390975;18.0630384390975;18.0630384390975;35.2485564879232;16.2485564879232;16.2485564879232;183.360666440929;-37.6393335590713;-37.6393335590713
15;SNEV15;open;SNEV15_open;114;89;332;5887;258;-9;267;57;203;203;40;412;51;6;44;152;22;22;145;153.802523964417;39.802523964417;39.802523964417;96.986718831064;7.986718831064;7.986718831064;342.613455752366;10.6134557523663;10.6134557523663;5851.70914052778;-35.2908594722203;-35.2908594722203;298.166841524513;40.1668415245127;40.1668415245127;30.8066937910171;21.8066937910171;39.8066937910171;278.839796452742;11.8397964527425;11.8397964527425;128.135367308831;71.1353673088315;71.1353673088315;240.918318283895;37.9183182838951;37.9183182838951;243.065174015774;40.0651740157744;40.0651740157744;72.5631298913602;32.5631298913602;32.5631298913602;506.927269455076;94.9272694550763;94.9272694550763;77.0278054401857;26.0278054401857;26.0278054401857;4.7162015721593;-1.2837984278407;-1.2837984278407;44.8118705455738;0.811870545573846;0.811870545573846;207.65965960645;55.6596596064503;55.6596596064503;19.6370709546137;-2.36292904538628;-2.36292904538628;19.679505426698;-2.32049457330201;-2.32049457330201;150.230895496545;5.23089549654529;5.23089549654529
16;SNEV16;open;SNEV16_open;106;90;334;5881;250;-18;268;48;194;194;31;431;57;6;44;165;24;24;153;133.811686750605;27.811686750605;27.811686750605;94.7537436700435;4.75374367004348;4.75374367004348;338.970231838091;4.97023183809068;4.97023183809068;5900.68007123219;19.6800712321919;19.6800712321919;286.627665167426;36.6276651674258;36.6276651674258;15.0550576239298;-2.94494237607019;33.0550576239298;279.178706684091;11.1787066840911;11.1787066840911;109.583865157121;61.5838651571211;61.5838651571211;228.287886277864;34.2878862778642;34.2878862778642;228.777021201103;34.7770212011032;34.7770212011032;57.7574169707705;26.7574169707705;26.7574169707705;488.632311032738;57.6323110327381;57.6323110327381;61.9384845403589;4.93848454035894;4.93848454035894;8.623248897413;2.623248897413;2.623248897413;35.215922062535;-8.78407793746496;-8.78407793746496;174.072528896289;9.07252889628862;9.07252889628862;32.5506795107246;8.5506795107246;8.5506795107246;28.3088179430233;4.3088179430233;4.3088179430233;138.852178506809;-14.1478214931912;-14.1478214931912
17;LADR;open;LADR_open;136;107;341;6700;309;-3;312;67;237;237;50;529;75;4;54;215;16;16;203;142.381126507953;6.3811265079527;6.3811265079527;92.5840766470685;-14.4159233529315;-14.4159233529315;333.843642609562;-7.1563573904383;-7.1563573904383;5821.44713335596;-878.552866644044;-878.552866644044;277.176952860729;-31.8230471392714;-31.8230471392714;21.1865118929205;18.1865118929205;24.1865118929205;278.058502637167;-33.9414973628325;-33.9414973628325;121.56128722617;54.5612872261697;54.5612872261697;223.735835126313;-13.2641648736866;-13.2641648736866;232.145660828659;-4.85433917134051;-4.85433917134051;64.3579935658459;14.3579935658459;14.3579935658459;598.500358058335;69.5003580583352;69.5003580583352;83.6083077014612;8.60830770146123;8.60830770146123;7.58208470677803;3.58208470677803;3.58208470677803;36.7168890642928;-17.2831109357072;-17.2831109357072;231.873696998675;16.873696998675;16.873696998675;25.8408768083139;9.84087680831393;9.84087680831393;26.6898823896145;10.6898823896145;10.6898823896145;154.449262495806;-48.5507375041938;-48.5507375041938
18;CHAZA;open;CHAZA_open;141;106;340;6742;315;2;313;72;244;244;55;649;92;5;53;262;19;19;254;150.404434177287;9.40443417728696;9.40443417728696;97.9738561719807;-8.02614382801929;-8.02614382801929;338.003431431014;-1.99656856898611;-1.99656856898611;5786.45209764948;-955.547902350524;-955.547902350524;281.913480793225;-33.086519206775;-33.086519206775;25.883467748427;23.883467748427;23.883467748427;288.602995584191;-24.3970044158089;-24.3970044158089;125.658413274274;53.6584132742737;53.6584132742737;232.896688419502;-11.1033115804983;-11.1033115804983;239.937994299286;-4.06200570071351;-4.06200570071351;70.3420997436507;15.3420997436507;15.3420997436507;569.642407852876;-79.3575921471236;-79.3575921471236;82.8706195608131;-9.12938043918692;-9.12938043918692;6.07014841654048;1.07014841654048;1.07014841654048;40.1352276096033;-12.8647723903967;-12.8647723903967;228.859129532787;-33.1408704672134;-33.1408704672134;20.294839529911;1.29483952991098;1.29483952991098;21.0192634040684;2.01926340406844;2.01926340406844;135.288296065893;-118.711703934107;-118.711703934107
19;CHAZB;open;CHAZB_open;148;106;339;6774;322;9;314;78;251;251;62;631;90;5;54;256;19;19;248;150.576477446686;2.57647744668628;2.57647744668628;93.0656527326267;-12.9343472673733;-12.9343472673733;335.156839769296;-3.84316023070375;-3.84316023070375;5793.01477886884;-980.985221131157;-980.985221131157;280.650065229048;-41.3499347709515;-41.3499347709515;26.7771254011967;17.7771254011967;17.7771254011967;273.5081916529;-40.4918083470996;-40.4918083470996;121.296815984509;43.2968159845088;43.2968159845088;237.04248131674;-13.9575186832599;-13.9575186832599;241.201008379105;-9.79899162089549;-9.79899162089549;69.9035618931154;7.90356189311538;7.90356189311538;596.281972418794;-34.7180275812065;-34.7180275812065;85.1113482188903;-4.88865178110973;-4.88865178110973;6.53493977473307;1.53493977473307;1.53493977473307;41.1994631090392;-12.8005368909608;-12.8005368909608;235.615397899749;-20.3846021002507;-20.3846021002507;23.3025430029829;4.30254300298293;4.30254300298293;22.5941264098106;3.59412640981061;3.59412640981061;161.290972060036;-86.7090279399637;-86.7090279399637
20;CHIM;open;CHIM_open;130;107;342;6679;303;-9;311;62;231;231;45;672;96;5;53;272;21;21;260;137.744584159527;7.74458415952691;7.74458415952691;97.0607254064896;-9.93927459351042;-9.93927459351042;332.035833999093;-9.96416600090663;-9.96416600090663;5822.41807673489;-856.581923265107;-856.581923265107;274.480251809534;-28.5197481904656;-28.5197481904656;18.9161222147991;9.91612221479908;27.9161222147991;293.694358319092;-17.3056416809076;-17.3056416809076;127.126497825112;65.1264978251122;65.1264978251122;214.421313670669;-16.5786863293314;-16.5786863293314;227.855608364091;-3.14439163590936;-3.14439163590936;59.7005404134808;14.7005404134808;14.7005404134808;582.496993775138;-89.5030062248621;-89.5030062248621;80.9829933295501;-15.0170066704499;-15.0170066704499;12.156724357031;7.15672435703099;7.15672435703099;35.7836905077103;-17.2163094922897;-17.2163094922897;227.976557134471;-44.0234428655286;-44.0234428655286;38.8882097711544;17.8882097711544;17.8882097711544;44.278706866744;23.278706866744;23.278706866744;130.774088936524;-129.225911063476;-129.225911063476
21;SEGUR;open;SEGUR_open;109;103;342;6511;279;-22;301;42;208;208;27;772;105;10;47;295;40;40;275;111.289862265597;2.28986226559709;2.28986226559709;84.8634271984811;-18.1365728015189;-18.1365728015189;313.424567666161;-28.5754323338394;-28.5754323338394;5916.66559917155;-594.334400828446;-594.334400828446;250.00508421519;-28.9949157848099;-28.9949157848099;4.35366762199057;-17.6463323780094;26.3536676219906;264.643902394615;-36.3560976053852;-36.3560976053852;83.9853497647624;41.9853497647624;41.9853497647624;150.4582002102;-57.5417997898001;-57.5417997898001;194.694187224292;-13.3058127757085;-13.3058127757085;40.1515924858963;13.1515924858963;13.1515924858963;689.753503260793;-82.2464967392067;-82.2464967392067;80.0093304403723;-24.9906695596277;-24.9906695596277;29.9054641795422;19.9054641795422;19.9054641795422;23.1902710278661;-23.8097289721339;-23.8097289721339;229.239215165055;-65.760784834945;-65.760784834945;98.9055102549702;58.9055102549702;58.9055102549702;115.161965097396;75.1619650973962;75.1619650973962;160.236547232912;-114.763452767088;-114.763452767088
22;NCABL;open;NCABL_open;112;103;341;6538;283;-19;302;45;212;212;30;756;106;9;49;296;35;35;278;117.160504665638;5.16050466563796;5.16050466563796;93.1380628557074;-9.8619371442926;-9.8619371442926;329.315476404959;-11.6845235950408;-11.6845235950408;5986.03489175199;-551.965108248013;-551.965108248013;266.042193071652;-16.9578069283478;-16.9578069283478;2.68512634607202;-16.314873653928;21.685126346072;272.732968638624;-29.2670313613762;-29.2670313613762;68.5168061860674;23.5168061860674;23.5168061860674;197.496735326211;-14.5032646737886;-14.5032646737886;207.302864962987;-4.69713503701252;-4.69713503701252;41.6767932981676;11.6767932981676;11.6767932981676;587.304701364596;-168.695298635404;-168.695298635404;77.5263431526214;-28.4736568473786;-28.4736568473786;21.4353359583885;12.4353359583885;12.4353359583885;29.1401551560778;-19.8598448439222;-19.8598448439222;216.706786783232;-79.2932132167679;-79.2932132167679;71.1129177313762;36.1129177313762;36.1129177313762;78.058379853612;43.058379853612;43.058379853612;139.82568870311;-138.17431129689;-138.17431129689
23;PALOM;open;PALOM_open;130;106;342;6683;303;-9;311;61;231;231;44;703;100;5;52;284;21;21;270;130.873181575561;0.873181575560579;0.873181575560579;90.2191531733702;-15.7808468266298;-15.7808468266298;319.920033369514;-22.0799666304857;-22.0799666304857;5919.30718733743;-763.692812662565;-763.692812662565;269.795501129411;-33.2044988705894;-33.2044988705894;14.6365968661606;5.63659686616064;23.6365968661606;273.423935826733;-37.5760641732672;-37.5760641732672;102.956485166723;41.9564851667233;41.9564851667233;196.957902381965;-34.0420976180347;-34.0420976180347;219.055143548743;-11.9448564512574;-11.9448564512574;52.693115189251;8.69311518925098;8.69311518925098;662.948193653358;-40.0518063466417;-40.0518063466417;83.4045484048585;-16.5954515951415;-16.5954515951415;22.1985737497409;17.1985737497409;17.1985737497409;31.6157089814977;-20.3842910185023;-20.3842910185023;237.825940687869;-46.1740593121306;-46.1740593121306;70.0657562568952;49.0657562568952;49.0657562568952;83.8831784028516;62.8831784028516;62.8831784028516;162.833397471386;-107.166602528614;-107.166602528614
24;QUIBJ;open;QUIBJ_open;128;107;343;6655;300;-11;311;60;228;228;43;571;81;4;54;231;16;16;225;131.666738835661;3.66673883566062;3.66673883566062;89.7973145162078;-17.2026854837922;-17.2026854837922;326.187616708723;-16.8123832912773;-16.8123832912773;5810.48482374212;-844.515176257883;-844.515176257883;266.331765537724;-33.6682344622756;-33.6682344622756;16.3360374944676;5.33603749446759;27.3360374944676;274.976552137163;-36.0234478628373;-36.0234478628373;117.22922194725;57.2292219472505;57.2292219472505;195.526649550496;-32.4733504495038;-32.4733504495038;218.134796812976;-9.86520318702429;-9.86520318702429;55.7355239246803;12.7355239246803;12.7355239246803;628.370328919031;57.3703289190312;57.3703289190312;81.9000740957423;0.900074095742269;0.900074095742269;16.174088558278;12.174088558278;12.174088558278;31.3544991992601;-22.6455008007399;-22.6455008007399;231.636543525284;0.636543525283514;0.636543525283514;51.7603061880371;35.7603061880371;35.7603061880371;60.2922070461677;44.2922070461677;44.2922070461677;154.599893355396;-70.4001066446044;-70.4001066446044
25;RESER;open;RESER_open;116;103;340;6551;287;-15;302;49;216;216;33;708;97;9;47;272;35;35;251;112.541021281192;-3.45897871880783;-3.45897871880783;88.7031938965638;-14.2968061034362;-14.2968061034362;318.836622783062;-21.1633772169379;-21.1633772169379;6005.70984233064;-545.290157669356;-545.290157669356;258.271157902638;-28.7288420973616;-28.7288420973616;0.0828289844434756;-14.9171710155565;15.0828289844435;272.157065312301;-29.8429346876994;-29.8429346876994;73.7407624404093;24.7407624404093;24.7407624404093;166.517097127403;-49.4829028725968;-49.4829028725968;198.839408168554;-17.1605918314464;-17.1605918314464;38.0309432528485;5.03094325284854;5.03094325284854;637.533466210318;-70.4665337896821;-70.4665337896821;78.0945419497552;-18.9054580502448;-18.9054580502448;25.7958805361162;16.7958805361162;16.7958805361162;26.5938559272038;-20.4061440727962;-20.4061440727962;221.460756939776;-50.5392430602245;-50.5392430602245;83.7266022623112;48.7266022623112;48.7266022623112;99.4440264282045;64.4440264282045;64.4440264282045;152.080915179311;-98.9190848206887;-98.9190848206887
26;RIOMD;open;RIOMD_open;113;103;341;6540;284;-18;302;46;213;213;30;747;104;9;49;292;35;35;274;112.427868311306;-0.572131688693958;-0.572131688693958;87.2476659697723;-15.7523340302277;-15.7523340302277;318.860657666106;-22.1393423338944;-22.1393423338944;5929.20711323086;-610.792886769143;-610.792886769143;255.678353493863;-28.321646506137;-28.321646506137;2.79809856615435;-15.2019014338456;20.7980985661544;261.649066138333;-40.3509338616667;-40.3509338616667;73.749542551388;27.749542551388;27.749542551388;167.59447005334;-45.4055299466603;-45.4055299466603;197.621599648345;-15.3784003516548;-15.3784003516548;39.6070205599097;9.60702055990969;9.60702055990969;647.402120552328;-99.597879447672;-99.597879447672;77.8099901141176;-26.1900098858824;-26.1900098858824;29.3757744944421;20.3757744944421;20.3757744944421;23.445193251283;-25.554806748717;-25.554806748717;220.606390915402;-71.393609084598;-71.393609084598;95.1182369908976;60.1182369908976;60.1182369908976;110.745440976008;75.7454409760084;75.7454409760084;145.071657236274;-128.928342763726;-128.928342763726
27;DNANA;open;DNANA_open;186;68;322;4749;303;92;211;141;257;257;126;603;108;1;69;309;7;7;280;172.343325228484;-13.6566747715165;-13.6566747715165;80.5408332300359;12.5408332300359;12.5408332300359;332.999233513678;10.9992335136781;10.9992335136781;5259.97098410402;510.970984104016;510.970984104016;307.739538946972;4.73953894697206;4.73953894697206;63.9222902696001;-28.0777097303999;-28.0777097303999;242.491125957562;31.4911259575624;31.4911259575624;127.357551529648;-13.6424484703517;-13.6424484703517;255.40553383943;-1.5944661605696;-1.5944661605696;255.613692465147;-1.38630753485302;-1.38630753485302;104.299752750747;-21.7002472492532;-21.7002472492532;599.874335336945;-3.12566466305509;-3.12566466305509;99.5399646586067;-8.46003534139325;-8.46003534139325;2.30774817103599;1.30774817103599;1.30774817103599;62.032564490058;-6.96743550994198;-6.96743550994198;282.270695708528;-26.7293042914715;-26.7293042914715;10.3458541036067;3.34585410360668;3.34585410360668;10.3608820924315;3.36088209243148;3.36088209243148;247.056368350922;-32.9436316490781;-32.9436316490781
28;CALBL;open;CALBL_open;186;39;222;4679;280;103;177;215;257;257;129;307;50;3;52;126;13;13;103;170.263651924003;-15.736348075997;-15.736348075997;79.691337008485;40.691337008485;40.691337008485;318.332155377423;96.3321553774226;96.3321553774226;5618.0064472953;939.006447295304;939.006447295304;294.462492515225;14.4624925152246;14.4624925152246;56.1954734665804;-46.8045265334196;-46.8045265334196;248.131187925097;71.1311879250971;71.1311879250971;189.018307283613;-25.9816927163875;-25.9816927163875;250.398803644456;-6.60119635554361;-6.60119635554361;254.691077547542;-2.30892245245789;-2.30892245245789;96.5442150818618;-32.4557849181382;-32.4557849181382;359.339367285383;52.3393672853825;52.3393672853825;52.4903540620265;2.49035406202653;2.49035406202653;3.37523044901133;0.375230449011327;0.375230449011327;47.6000692602364;-4.39993073976357;-4.39993073976357;143.807544047424;17.807544047424;17.807544047424;12.2558327730119;-0.744167226988115;-0.744167226988115;12.4631058151588;-0.536894184841177;-0.536894184841177;85.8774325109158;-17.1225674890842;-17.1225674890842
1;SNEV01;facil;SNEV01_facil;117;104;349;6270;279;-18;297;55;212;212;38;588;91;3;58;262;11;11;245;135.216043923504;18.2160439235044;18.2160439235044;98.2622861972591;-5.73771380274087;-5.73771380274087;343.339545635415;-5.66045436458495;-5.66045436458495;5945.3899095303;-324.6100904697;-324.6100904697;284.366270909201;5.36627090920092;5.36627090920092;11.9765762129463;-6.02342378705369;29.9765762129463;286.239824105106;-10.7601758948942;-10.7601758948942;121.564415580823;66.5644155808225;66.5644155808225;227.429011089342;15.4290110893421;15.4290110893421;229.772549673598;17.7725496735983;17.7725496735983;54.5309856454731;16.5309856454731;16.5309856454731;537.691324781355;-50.3086752186447;-50.3086752186447;79.772929175456;-11.227070824544;-11.227070824544;5.1462390619103;2.1462390619103;2.1462390619103;45.4015037782245;-12.5984962217755;-12.5984962217755;212.597134064597;-49.4028659354025;-49.4028659354025;20.1600933574704;9.16009335747037;9.16009335747037;20.6732850251622;9.67328502516218;9.67328502516218;145.660356910196;-99.3396430898044;-99.3396430898044
2;SNEV02;facil;SNEV02_facil;99;104;352;6199;259;-36;295;37;192;192;20;614;93;4;58;269;14;14;251;132.145470354648;33.1454703546484;33.1454703546484;91.3590258169593;-12.6409741830407;-12.6409741830407;341.133584017526;-10.8664159824743;-10.8664159824743;5827.35507822002;-371.644921779978;-371.644921779978;280.17888573897;21.1788857389696;21.1788857389696;10.242303060718;-25.757696939282;46.242303060718;270.321185953118;-24.6788140468823;-24.6788140468823;122.985636510705;85.9856365107052;85.9856365107052;223.887058763459;31.8870587634591;31.8870587634591;226.644312008501;34.6443120085013;34.6443120085013;53.3823306237144;33.3823306237144;33.3823306237144;507.903959478855;-106.096040521145;-106.096040521145;81.5297981172179;-11.4702018827821;-11.4702018827821;5.37751404517295;1.37751404517295;1.37751404517295;43.9041729386927;-14.0958270613073;-14.0958270613073;195.435784881681;-73.5642151183191;-73.5642151183191;22.1116434217974;8.11164342179738;8.11164342179738;22.4936612841793;8.49366128417933;8.49366128417933;148.223785959349;-102.776214040651;-102.776214040651
3;SNEV03;facil;SNEV03_facil;81;104;354;6132;240;-53;293;21;173;173;3;632;95;4;57;275;14;14;255;131.350074289321;50.3500742893206;50.3500742893206;97.6592272982369;-6.34077270176311;-6.34077270176311;342.040899797918;-11.9591002020816;-11.9591002020816;5886.36186187305;-245.638138126952;-245.638138126952;282.474066471026;42.4740664710258;42.4740664710258;16.4525805533079;-36.5474194466921;69.4525805533079;294.730467765543;1.73046776554264;1.73046776554264;89.9116140795164;68.9116140795164;68.9116140795164;221.445436842108;48.4454368421076;48.4454368421076;222.506721204473;49.5067212044733;49.5067212044733;54.6344588743951;51.6344588743951;51.6344588743951;507.511588593358;-124.488411406642;-124.488411406642;60.6147778145545;-34.3852221854455;-34.3852221854455;4.4085232530174;0.408523253017403;0.408523253017403;36.1627232463469;-20.8372767536531;-20.8372767536531;172.664610514457;-102.335389485543;-102.335389485543;17.1605150718403;3.16051507184029;3.16051507184029;17.4112978304421;3.41129783044207;3.41129783044207;130.894620311611;-124.105379688389;-124.105379688389
4;SNEV04;facil;SNEV04_facil;115;96;340;6082;267;-14;281;55;207;207;38;417;60;4;50;175;18;18;160;149.91336427539;34.9133642753899;34.9133642753899;99.6593610040634;3.65936100406337;3.65936100406337;342.486598046676;2.48659804667631;2.48659804667631;5931.17327626165;-150.826723738354;-150.826723738354;293.766371221464;26.7663712214639;26.7663712214639;22.0966692026084;8.09666920260836;36.0966692026084;296.458125016929;15.4581250169285;15.4581250169285;97.1142365077766;42.1142365077766;42.1142365077766;239.487797309006;32.4877973090065;32.4877973090065;245.332109367227;38.332109367227;38.332109367227;69.4666320003349;31.4666320003349;31.4666320003349;576.005811810479;159.005811810479;159.005811810479;83.2821961438721;23.2821961438721;23.2821961438721;4.44339530243072;0.443395302430717;0.443395302430717;43.9729325980831;-6.02706740191693;-6.02706740191693;228.107472265083;53.1074722650825;53.1074722650825;15.4065206245701;-2.59347937542992;-2.59347937542992;14.6478047489814;-3.35219525101855;-3.35219525101855;153.708942488115;-6.29105751188501;-6.29105751188501
5;SNEV05;facil;SNEV05_facil;94;97;344;6049;246;-36;282;34;185;185;17;433;60;5;49;177;19;19;162;119.389019463305;25.3890194633048;25.3890194633048;94.7867222740703;-2.21327772592967;-2.21327772592967;333.781796957945;-10.2182030420548;-10.2182030420548;6266.4122381642;217.412238164204;217.412238164204;275.547980867422;29.5479808674223;29.5479808674223;-10.7133725966653;-25.2866274033347;25.2866274033347;291.000834355235;9.00083435523487;9.00083435523487;69.1399439043456;35.1399439043456;35.1399439043456;213.763343140402;28.7633431404015;28.7633431404015;215.106785392189;30.1067853921891;30.1067853921891;39.869139569271;22.869139569271;22.869139569271;589.101833971523;156.101833971523;156.101833971523;79.8979684053888;19.8979684053888;19.8979684053888;4.58655481146922;-0.413445188530784;-0.413445188530784;44.8712816207456;-4.12871837925436;-4.12871837925436;230.476422248973;53.4764222489727;53.4764222489727;16.5407706896227;-2.45922931037729;-2.45922931037729;16.6081351227297;-2.39186487727033;-2.39186487727033;199.564749116897;37.5647491168968;37.5647491168968
6;SNEV06;facil;SNEV06_facil;67;99;349;5994;219;-63;282;8;157;157;-9;581;80;5;53;230;19;19;223;106.844172785762;39.8441727857619;39.8441727857619;98.2904580492948;-0.709541950705159;-0.709541950705159;345.617103780983;-3.38289621901714;-3.38289621901714;5968.78219152703;-25.217808472974;-25.217808472974;250.327992001222;31.3279920012217;31.3279920012217;-22.2478205971684;-40.7521794028316;40.7521794028316;284.361111716042;2.36111171604193;2.36111171604193;66.336942751081;58.336942751081;58.336942751081;195.142887566851;38.1428875668506;38.1428875668506;199.561602028061;42.5616020280605;42.5616020280605;27.2119891506294;18.2119891506294;36.2119891506294;541.51218597419;-39.4878140258104;-39.4878140258104;74.0962384697881;-5.90376153021185;-5.90376153021185;4.87807095344261;-0.121929046557391;-0.121929046557391;44.7073613386949;-8.29263866130506;-8.29263866130506;210.489556735897;-19.5104432641027;-19.5104432641027;18.5019459646837;-0.498054035316333;-0.498054035316333;18.4294256002452;-0.570574399754801;-0.570574399754801;174.752798395132;-48.2472016048679;-48.2472016048679
7;SNEV07;facil;SNEV07_facil;111;103;350;6192;271;-23;294;50;204;204;32;628;99;4;58;285;14;14;263;142.119487423507;31.1194874235066;31.1194874235066;95.2111408371585;-7.78885916284148;-7.78885916284148;332.844830086075;-17.1551699139251;-17.1551699139251;5800.96027484173;-391.03972515827;-391.03972515827;287.763314929516;16.7633149295161;16.7633149295161;24.6953004000678;1.69530040006778;47.6953004000678;285.913695507774;-8.08630449222574;-8.08630449222574;141.686325950656;91.6863259506564;91.6863259506564;235.969094789475;31.969094789475;31.969094789475;239.559138201252;35.559138201252;35.559138201252;61.478295628854;29.478295628854;29.478295628854;515.901706523908;-112.098293476092;-112.098293476092;81.0143409438441;-17.9856590561559;-17.9856590561559;7.32936655403877;3.32936655403877;3.32936655403877;43.2196142181224;-14.7803857818776;-14.7803857818776;217.189697276395;-67.8103027236048;-67.8103027236048;30.9430445318231;16.9430445318231;16.9430445318231;32.4340380711584;18.4340380711584;18.4340380711584;112.373311124314;-150.626688875686;-150.626688875686
8;SNEV08;facil;SNEV08_facil;99;103;352;6157;257;-35;293;37;191;191;20;638;99;4;58;285;14;14;265;131.935209955129;32.9352099551294;32.9352099551294;98.6207506686186;-4.37924933138143;-4.37924933138143;345.379398447999;-6.62060155200129;-6.62060155200129;5837.79481015335;-319.205189846649;-319.205189846649;285.71810591168;28.7181059116803;28.7181059116803;11.2248450333213;-23.7751549666787;46.2248450333213;289.065208560269;-3.93479143973116;-3.93479143973116;91.5263667613346;54.5263667613346;54.5263667613346;226.392226769752;35.3922267697519;35.3922267697519;228.00609612488;37.0060961248805;37.0060961248805;53.2526836915085;33.2526836915085;33.2526836915085;552.365216128836;-85.6347838711644;-85.6347838711644;83.1435704015256;-15.8564295984744;-15.8564295984744;4.35379515546276;0.353795155462763;0.353795155462763;50.0703116395295;-7.92968836047048;-7.92968836047048;224.091584065253;-60.9084159347465;-60.9084159347465;17.1609355953557;3.16093559535573;3.16093559535573;17.2090556774339;3.20905567743387;3.20905567743387;168.938465028846;-96.0615349711541;-96.0615349711541
9;SNEV09;facil;SNEV09_facil;109;105;350;6302;272;-27;299;46;204;204;29;615;92;4;58;269;12;12;252;128.447746960422;19.4477469604217;19.4477469604217;96.7039123536629;-8.2960876463371;-8.2960876463371;337.40470126107;-12.5952987389296;-12.5952987389296;5953.76720020835;-348.232799791655;-348.232799791655;279.708208192025;7.70820819202459;7.70820819202459;8.14520507332896;-18.854794926671;35.145205073329;281.89403683083;-17.1059631691701;-17.1059631691701;94.5427259265601;48.5427259265601;48.5427259265601;219.784100595353;15.7841005953527;15.7841005953527;220.984804415685;16.9848044156848;16.9848044156848;51.8124477817063;22.8124477817063;22.8124477817063;563.03249068916;-51.9675093108395;-51.9675093108395;80.6881892404828;-11.3118107595172;-11.3118107595172;7.31276508745674;3.31276508745674;3.31276508745674;48.3151882529232;-9.68481174707679;-9.68481174707679;228.389438465192;-40.6105615348083;-40.6105615348083;29.3306703033009;17.3306703033009;17.3306703033009;30.3952459529001;18.3952459529001;18.3952459529001;181.953424525357;-70.0465754746434;-70.0465754746434
10;SNEV10;facil;SNEV10_facil;95;104;352;6222;256;-40;296;33;189;189;16;612;91;4;57;265;14;14;249;132.113968533759;37.1139685337588;37.1139685337588;95.3281987046024;-8.67180129539759;-8.67180129539759;336.529277712549;-15.4707222874513;-15.4707222874513;5899.53601391513;-322.463986084875;-322.463986084875;283.266706345244;27.266706345244;27.266706345244;11.4342338536416;-28.5657661463584;51.4342338536416;280.600743753421;-15.3992562465789;-15.3992562465789;108.499724098645;75.499724098645;75.499724098645;226.122615486831;37.122615486831;37.122615486831;226.535212093345;37.5352120933448;37.5352120933448;54.5440737086114;38.5440737086114;38.5440737086114;523.751979382046;-88.2480206179539;-88.2480206179539;70.4349382880116;-20.5650617119884;-20.5650617119884;9.61401255297321;5.61401255297321;5.61401255297321;39.0527340909853;-17.9472659090147;-17.9472659090147;201.229709128902;-63.7702908710978;-63.7702908710978;36.1196482148968;22.1196482148968;22.1196482148968;35.1900682061805;21.1900682061805;21.1900682061805;148.642675460914;-100.357324539086;-100.357324539086
11;SNEV11;facil;SNEV11_facil;79;104;354;6155;239;-55;294;18;172;172;1;636;93;4;56;270;14;14;253;134.605732847123;55.6057328471228;55.6057328471228;95.2345603948327;-8.76543960516734;-8.76543960516734;342.086463468575;-11.9135365314247;-11.9135365314247;5786.77652467543;-368.223475324571;-368.223475324571;293.707614570323;54.7076145703235;54.7076145703235;15.3626102137861;-39.6373897862139;70.3626102137861;280.380010124593;-13.6199898754072;-13.6199898754072;109.130352711587;91.1303527115867;91.1303527115867;232.95455625225;60.9545562522499;60.9545562522499;234.024668192462;62.0246681924623;62.0246681924623;57.202884012167;56.202884012167;56.202884012167;467.871420848896;-168.128579151104;-168.128579151104;54.1170821133881;-38.8829178866119;-38.8829178866119;6.05462475849995;2.05462475849995;2.05462475849995;32.7557592928609;-23.2442407071391;-23.2442407071391;153.138357521526;-116.861642478474;-116.861642478474;24.8376549264726;10.8376549264726;10.8376549264726;24.5571055194105;10.5571055194105;10.5571055194105;120.103417260282;-132.896582739718;-132.896582739718
12;SNEV12;facil;SNEV12_facil;117;98;345;6074;271;-14;285;57;209;209;40;525;85;4;54;236;14;14;207;155.275466389344;38.2754663893441;38.2754663893441;100.759400622653;2.75940062265286;2.75940062265286;343.289348733192;-1.71065126680804;-1.71065126680804;5818.93973787758;-255.060262122423;-255.060262122423;292.628722186772;21.6287221867719;21.6287221867719;31.799740704092;17.799740704092;45.799740704092;297.26702834429;12.2670283442904;12.2670283442904;103.138200745153;46.138200745153;46.138200745153;239.964783761401;30.964783761401;30.964783761401;245.52168986178;36.5216898617797;36.5216898617797;75.1322174499859;35.1322174499859;35.1322174499859;557.255809112845;32.2558091128446;32.2558091128446;82.0694662512462;-2.93053374875385;-2.93053374875385;3.94333698978331;-0.0566630102166927;-0.0566630102166927;45.6632126586795;-8.33678734132046;-8.33678734132046;224.084691019568;-11.9153089804323;-11.9153089804323;13.718414379366;-0.281585620633994;-0.281585620633994;13.7571600691545;-0.242839930845525;-0.242839930845525;128.363688510958;-78.6363114890416;-78.6363114890416
13;SNEV13;facil;SNEV13_facil;104;98;346;6038;257;-26;284;45;195;195;27;563;88;5;53;246;17;17;218;139.695609463177;35.6956094631772;35.6956094631772;101.835698890147;3.83569889014731;3.83569889014731;342.196129852567;-3.8038701474328;-3.8038701474328;6035.53650028652;-2.46349971348172;-2.46349971348172;293.69971198225;36.6997119822504;36.6997119822504;18.1302873112671;-7.86971268873289;44.1302873112671;301.075590809492;17.0755908094918;17.0755908094918;93.9839126907198;48.9839126907198;48.9839126907198;235.912009878706;40.9120098787064;40.9120098787064;237.603251049597;42.6032510495968;42.6032510495968;59.1193751718623;32.1193751718623;32.1193751718623;550.243911762948;-12.756088237052;-12.756088237052;80.0116758878147;-7.98832411218534;-7.98832411218534;4.20559018693803;-0.794409813061968;-0.794409813061968;48.9228155353964;-4.07718446460358;-4.07718446460358;226.680463516674;-19.3195364833263;-19.3195364833263;15.5215092106664;-1.47849078933357;-1.47849078933357;15.5787683751735;-1.42123162482646;-1.42123162482646;158.19263905309;-59.8073609469103;-59.8073609469103
14;SNEV14;facil;SNEV14_facil;74;99;351;5957;226;-56;282;16;163;163;-2;585;87;5;51;246;19;19;221;108.435105287238;34.4351052872375;34.4351052872375;98.7595279603208;-0.240472039679176;-0.240472039679176;338.046233117998;-12.9537668820018;-12.9537668820018;6243.03813480535;286.038134805353;286.038134805353;262.453615057534;36.4536150575343;36.4536150575343;-17.2109778724386;-38.7890221275614;38.7890221275614;290.221880525118;8.22188052511819;8.22188052511819;58.4258653955741;42.4258653955741;42.4258653955741;201.858528739917;38.8585287399169;38.8585287399169;200.409599726386;37.4095997263862;37.4095997263862;32.5371107975047;30.5371107975047;34.5371107975047;572.117440109089;-12.8825598909108;-12.8825598909108;79.1734050691336;-7.82659493086642;-7.82659493086642;12.3257477812435;7.32574778124351;7.32574778124351;44.389307481857;-6.61069251814304;-6.61069251814304;227.767153921754;-18.2328460782455;-18.2328460782455;40.009749356884;21.009749356884;21.009749356884;29.9446614026323;10.9446614026323;10.9446614026323;206.188712502497;-14.8112874975032;-14.8112874975032
15;SNEV15;facil;SNEV15_facil;114;89;332;5887;258;-9;267;57;203;203;40;412;51;6;44;152;22;22;145;154.249323560685;40.2493235606852;40.2493235606852;98.1865729694057;9.1865729694057;9.1865729694057;339.861889034346;7.86188903434589;7.86188903434589;5855.37442615814;-31.625573841864;-31.625573841864;299.211777248342;41.2117772483422;41.2117772483422;31.766154182165;22.766154182165;40.766154182165;281.520192614291;14.5201926142914;14.5201926142914;120.820628995089;63.8206289950893;63.8206289950893;241.832009711603;38.8320097116034;38.8320097116034;244.105740846072;41.1057408460718;41.1057408460718;72.4868608725528;32.4868608725528;32.4868608725528;543.428802359876;131.428802359876;131.428802359876;80.8124381565208;29.8124381565208;29.8124381565208;5.13274465533707;-0.867255344662928;-0.867255344662928;47.0366396945161;3.03663969451605;3.03663969451605;224.562275762469;72.5622757624686;72.5622757624686;22.0259051263261;0.0259051263261298;0.0259051263261298;22.5444375167923;0.544437516792335;0.544437516792335;162.743710120185;17.7437101201851;17.7437101201851
16;SNEV16;facil;SNEV16_facil;106;90;334;5881;250;-18;268;48;194;194;31;431;57;6;44;165;24;24;153;139.1141113739;33.1141113739001;33.1141113739001;93.5766461434735;3.57664614347348;3.57664614347348;330.110285710598;-3.88971428940204;-3.88971428940204;5813.43265951063;-67.5673404893687;-67.5673404893687;284.002448950673;34.0024489506732;34.0024489506732;19.9109411851982;1.91094118519824;37.9109411851982;276.028790558823;8.02879055882312;8.02879055882312;114.875233397756;66.8752333977564;66.8752333977564;229.628083190491;35.6280831904908;35.6280831904908;233.251535950382;39.2515359503818;39.2515359503818;61.0001680807716;30.0001680807716;30.0001680807716;515.548566636317;84.5485666363174;84.5485666363174;67.9817403502982;10.9817403502982;10.9817403502982;10.3576462937671;4.35764629376706;4.35764629376706;38.5078759262769;-5.49212407372313;-5.49212407372313;193.64613822057;28.64613822057;28.64613822057;41.0293678192559;17.0293678192559;17.0293678192559;38.0652891912825;14.0652891912825;14.0652891912825;133.373126151984;-19.6268738480158;-19.6268738480158
17;LADR;facil;LADR_facil;136;107;341;6700;309;-3;312;67;237;237;50;529;75;4;54;215;16;16;203;142.836766207423;6.83676620742321;6.83676620742321;90.8629755202201;-16.1370244797799;-16.1370244797799;331.500376902444;-9.4996230975558;-9.4996230975558;5803.00959282184;-896.990407178157;-896.990407178157;276.161151942655;-32.8388480573445;-32.8388480573445;21.7535307461427;18.7535307461427;24.7535307461427;271.964736622019;-40.0352633779805;-40.0352633779805;126.372823397737;59.3728233977373;59.3728233977373;222.215552602682;-14.7844473973177;-14.7844473973177;231.675186332474;-5.32481366752558;-5.32481366752558;64.1980165314765;14.1980165314765;14.1980165314765;607.729903852539;78.7299038525392;78.7299038525392;84.1541571371257;9.15415713712568;9.15415713712568;9.0903572656084;5.0903572656084;5.0903572656084;36.6187563675327;-17.3812436324673;-17.3812436324673;234.20074782455;19.2007478245502;19.2007478245502;30.6125627363572;14.6125627363572;14.6125627363572;32.0464133593598;16.0464133593598;16.0464133593598;161.515380418006;-41.4846195819939;-41.4846195819939
18;CHAZA;facil;CHAZA_facil;141;106;340;6742;315;2;313;72;244;244;55;649;92;5;53;262;19;19;254;149.616340803203;8.61634080320306;8.61634080320306;92.3666668808782;-13.6333331191218;-13.6333331191218;332.793067751646;-7.20693224835446;-7.20693224835446;5780.3586007768;-961.6413992232;-961.6413992232;282.67537452081;-32.3246254791896;-32.3246254791896;25.378921684245;23.378921684245;23.378921684245;270.94630605592;-42.05369394408;-42.05369394408;132.29810616079;60.2981061607903;60.2981061607903;234.890277674602;-9.10972232539751;-9.10972232539751;239.239040690348;-4.76095930965201;-4.76095930965201;68.3266160989376;13.3266160989376;13.3266160989376;586.161667536416;-62.8383324635837;-62.8383324635837;82.3895890874891;-9.61041091251094;-9.61041091251094;8.62732247941939;3.62732247941939;3.62732247941939;39.5020590751785;-13.4979409248215;-13.4979409248215;228.184042661979;-33.8159573380215;-33.8159573380215;28.8117412767186;9.81174127671864;9.81174127671864;30.7959503502686;11.7959503502686;11.7959503502686;155.59940118081;-98.4005988191897;-98.4005988191897
19;CHAZB;facil;CHAZB_facil;148;106;339;6774;322;9;314;78;251;251;62;631;90;5;54;256;19;19;248;147.055743391676;-0.944256608323627;-0.944256608323627;90.8148177171031;-15.1851822828969;-15.1851822828969;331.594279581043;-7.40572041895717;-7.40572041895717;5809.17286159513;-964.82713840487;-964.82713840487;280.372794380699;-41.627205619301;-41.627205619301;24.4138971062387;15.4138971062387;15.4138971062387;268.367145630278;-45.6328543697219;-45.6328543697219;126.731979863295;48.7319798632946;48.7319798632946;233.372871030782;-17.6271289692179;-17.6271289692179;236.733205188157;-14.2667948118426;-14.2667948118426;65.1657953696488;3.16579536964876;3.16579536964876;607.910282938504;-23.0897170614955;-23.0897170614955;83.4289560610586;-6.57104393894137;-6.57104393894137;10.9404811475848;5.94048114758482;5.94048114758482;37.8249776241694;-16.1750223758306;-16.1750223758306;231.931936665763;-24.0680633342371;-24.0680633342371;36.5339591496728;17.5339591496728;17.5339591496728;37.5344972511006;18.5344972511006;18.5344972511006;156.522732815877;-91.4772671841234;-91.4772671841234
20;CHIM;facil;CHIM_facil;130;107;342;6679;303;-9;311;62;231;231;45;672;96;5;53;272;21;21;260;135.470649261868;5.47064926186766;5.47064926186766;95.918400236792;-11.081599763208;-11.081599763208;329.795380347528;-12.2046196524723;-12.2046196524723;5821.28537673158;-857.714623268416;-857.714623268416;272.486160000928;-30.5138399990719;-30.5138399990719;17.3566683963493;8.35666839634934;26.3566683963493;288.478650111709;-22.5213498882906;-22.5213498882906;128.730243056778;66.7302430567778;66.7302430567778;212.814958865679;-18.1850411343215;-18.1850411343215;225.362646031482;-5.63735396851763;-5.63735396851763;57.9133433337121;12.9133433337121;12.9133433337121;587.742301440101;-84.2576985598993;-84.2576985598993;81.1745619821689;-14.8254380178311;-14.8254380178311;13.728334580572;8.72833458057197;8.72833458057197;34.3962678822828;-18.6037321177172;-18.6037321177172;228.724912500168;-43.275087499832;-43.275087499832;44.0063680120092;23.0063680120092;23.0063680120092;50.1761566235446;29.1761566235446;29.1761566235446;135.142780213909;-124.857219786091;-124.857219786091
21;SEGUR;facil;SEGUR_facil;109;103;342;6511;279;-22;301;42;208;208;27;772;105;10;47;295;40;40;275;113.427346752186;4.42734675218577;4.42734675218577;88.1917609444797;-14.8082390555203;-14.8082390555203;318.429574511974;-23.5704254880264;-23.5704254880264;5920.23940323016;-590.760596769839;-590.760596769839;254.905957976353;-24.0940420236467;-24.0940420236467;3.72702076806686;-18.2729792319331;25.7270207680669;266.874729902538;-34.125270097462;-34.125270097462;96.6341851384863;54.6341851384863;54.6341851384863;171.438467585495;-36.5615324145055;-36.5615324145055;200.009109063666;-7.99089093633367;-7.99089093633367;40.1933151031986;13.1933151031986;13.1933151031986;655.010546684147;-116.989453315853;-116.989453315853;79.9719566502825;-25.0280433497175;-25.0280433497175;24.7444437065128;14.7444437065128;14.7444437065128;25.5455581988634;-21.4544418011366;-21.4544418011366;226.540509125524;-68.4594908744762;-68.4594908744762;86.5008143444151;46.5008143444151;46.5008143444151;92.4883909719647;52.4883909719647;52.4883909719647;152.997231087338;-122.002768912662;-122.002768912662
22;NCABL;facil;NCABL_facil;112;103;341;6538;283;-19;302;45;212;212;30;756;106;9;49;296;35;35;278;114.749838566083;2.74983856608274;2.74983856608274;90.6575574458727;-12.3424425541273;-12.3424425541273;324.868053345426;-16.1319466545737;-16.1319466545737;5966.84225687764;-571.157743122364;-571.157743122364;263.935950317832;-19.0640496821677;-19.0640496821677;3.33735728891401;-15.662642711086;22.337357288914;274.5611373289;-27.4388626711001;-27.4388626711001;77.1852752100226;32.1852752100226;32.1852752100226;191.635225792256;-20.3647742077438;-20.3647742077438;205.38841550965;-6.61158449034986;-6.61158449034986;40.7404857633501;10.7404857633501;10.7404857633501;616.399023636691;-139.600976363309;-139.600976363309;78.386717528039;-27.613282471961;-27.613282471961;22.0557329260152;13.0557329260152;13.0557329260152;27.1851500578799;-21.8148499421201;-21.8148499421201;219.738017110411;-76.2619828895886;-76.2619828895886;71.9152698653545;36.9152698653545;36.9152698653545;80.8530239235537;45.8530239235537;45.8530239235537;145.630686802214;-132.369313197786;-132.369313197786
23;PALOM;facil;PALOM_facil;130;106;342;6683;303;-9;311;61;231;231;44;703;100;5;52;284;21;21;270;129.043746643274;-0.956253356725682;-0.956253356725682;87.3842624725079;-18.6157375274921;-18.6157375274921;315.374095292187;-26.6259047078133;-26.6259047078133;5849.81817977071;-833.18182022929;-833.18182022929;264.772990507364;-38.2270094926355;-38.2270094926355;15.4955723918723;6.49557239187232;24.4955723918723;264.395137699299;-46.6048623007014;-46.6048623007014;108.693349562325;47.6933495623246;47.6933495623246;188.022048609477;-42.9779513905232;-42.9779513905232;213.051942380156;-17.9480576198443;-17.9480576198443;51.7535411950145;7.75354119501453;7.75354119501453;671.963333058168;-31.0366669418324;-31.0366669418324;83.3104164165578;-16.6895835834422;-16.6895835834422;25.9204923470546;20.9204923470546;20.9204923470546;28.9743013849184;-23.0256986150816;-23.0256986150816;239.817607431582;-44.182392568418;-44.182392568418;82.0006534455272;61.0006534455272;61.0006534455272;98.1221560314805;77.1221560314805;77.1221560314805;165.853452379118;-104.146547620882;-104.146547620882
24;QUIBJ;facil;QUIBJ_facil;128;107;343;6655;300;-11;311;60;228;228;43;571;81;4;54;231;16;16;225;131.580467841733;3.58046784173308;3.58046784173308;86.8951987021151;-20.1048012978849;-20.1048012978849;324.648587490457;-18.3514125095426;-18.3514125095426;5810.40011520266;-844.59988479734;-844.59988479734;264.398954040441;-35.6010459595589;-35.6010459595589;16.2802429498055;5.28024294980548;27.2802429498055;265.938768890041;-45.0612311099588;-45.0612311099588;110.816634563021;50.8166345630213;50.8166345630213;195.471070499944;-32.5289295000563;-32.5289295000563;217.295989111554;-10.7040108884464;-10.7040108884464;55.3394560247611;12.3394560247611;12.3394560247611;647.143095433355;76.143095433355;76.143095433355;83.2186638623636;2.21866386236364;2.21866386236364;17.1051744191111;13.1051744191111;13.1051744191111;30.1689343849246;-23.8310656150754;-23.8310656150754;235.266297681965;4.26629768196463;4.26629768196463;54.7831553114285;38.7831553114285;38.7831553114285;63.2468126912278;47.2468126912278;47.2468126912278;171.382211364907;-53.6177886350927;-53.6177886350927
25;RESER;facil;RESER_facil;116;103;340;6551;287;-15;302;49;216;216;33;708;97;9;47;272;35;35;251;112.611755387451;-3.38824461254889;-3.38824461254889;85.8178139696616;-17.1821860303384;-17.1821860303384;314.676058403121;-25.323941596879;-25.323941596879;5941.02548830137;-609.974511698626;-609.974511698626;257.19352990522;-29.8064700947799;-29.8064700947799;3.33527483106371;-11.6647251689363;18.3352748310637;269.795114439716;-32.2048855602839;-32.2048855602839;83.685361617049;34.685361617049;34.685361617049;165.75310098503;-50.2468990149703;-50.2468990149703;199.659256329253;-16.3407436707471;-16.3407436707471;38.9344823872917;5.93448238729169;5.93448238729169;658.138148874386;-49.861851125614;-49.861851125614;79.2009717090741;-17.7990282909259;-17.7990282909259;26.8136758153746;17.8136758153746;17.8136758153746;24.0054403047341;-22.9945596952659;-22.9945596952659;224.232435437473;-47.7675645625271;-47.7675645625271;85.4470216684781;50.4470216684781;50.4470216684781;100.9037801833;65.9037801832997;65.9037801832997;155.646389933094;-95.3536100669064;-95.3536100669064
26;RIOMD;facil;RIOMD_facil;113;103;341;6540;284;-18;302;46;213;213;30;747;104;9;49;292;35;35;274;113.811261741332;0.811261741332316;0.811261741332316;84.8800239395684;-18.1199760604316;-18.1199760604316;313.781691818473;-27.2183081815269;-27.2183081815269;5913.0536351808;-626.946364819202;-626.946364819202;253.727184510898;-30.2728154891018;-30.2728154891018;5.6163385989991;-12.3836614010009;23.6163385989991;260.592052250783;-41.4079477492171;-41.4079477492171;89.0061607685617;43.0061607685617;43.0061607685617;161.502587250141;-51.4974127498594;-51.4974127498594;198.181817419898;-14.8181825801024;-14.8181825801024;41.3973031523478;11.3973031523478;11.3973031523478;672.536002632076;-74.463997367924;-74.463997367924;79.5924858011562;-24.4075141988438;-24.4075141988438;30.3511764180416;21.3511764180416;21.3511764180416;22.4457008978112;-26.5542991021888;-26.5542991021888;226.629822262935;-65.3701777370652;-65.3701777370652;96.6192001753132;61.6192001753132;61.6192001753132;113.501828276015;78.501828276015;78.501828276015;155.315955749273;-118.684044250727;-118.684044250727
27;DNANA;facil;DNANA_facil;186;68;322;4749;303;92;211;141;257;257;126;603;108;1;69;309;7;7;280;167.74832174028;-18.2516782597204;-18.2516782597204;82.1504866579489;14.1504866579489;14.1504866579489;334.204658402002;12.2046584020017;12.2046584020017;5371.86112522076;622.861125220765;622.861125220765;304.450765041749;1.45076504174926;1.45076504174926;57.9609645394841;-34.0390354605159;-34.0390354605159;246.029820554415;35.029820554415;35.029820554415;124.880000937315;-16.119999062685;-16.119999062685;253.331962920553;-3.66803707944669;-3.66803707944669;253.61407437228;-3.38592562771981;-3.38592562771981;98.2645691022396;-27.7354308977604;-27.7354308977604;596.617904872027;-6.38209512797323;-6.38209512797323;96.9086643867451;-11.0913356132549;-11.0913356132549;2.95700711505625;1.95700711505625;1.95700711505625;59.3918834718807;-9.60811652811933;-9.60811652811933;275.270935121998;-33.7290648780024;-33.7290648780024;12.449643316997;5.44964331699696;5.44964331699696;12.5055932105572;5.50559321055723;5.50559321055723;238.528289626903;-41.4717103730968;-41.4717103730968
28;CALBL;facil;CALBL_facil;186;39;222;4679;280;103;177;215;257;257;129;307;50;3;52;126;13;13;103;166.945584869011;-19.0544151309892;-19.0544151309892;82.539190519913;43.539190519913;43.539190519913;323.693362578597;101.693362578597;101.693362578597;5652.14732795889;973.147327958885;973.147327958885;294.582920369069;14.5829203690691;14.5829203690691;51.5314329884588;-51.4685670115412;-51.4685670115412;250.050471965225;73.0504719652247;73.0504719652247;181.378180903215;-33.6218190967847;-33.6218190967847;247.744554985963;-9.25544501403749;-9.25544501403749;252.857644957675;-4.14235504232479;-4.14235504232479;92.4461597197493;-36.5538402802507;-36.5538402802507;396.909149917592;89.9091499175918;89.9091499175918;58.6958467477712;8.69584674777125;8.69584674777125;3.84143621699206;0.841436216992061;0.841436216992061;48.6518249538803;-3.34817504611969;-3.34817504611969;160.458737019501;34.4587370195015;34.4587370195015;14.2746049424478;1.27460494244776;1.27460494244776;14.5639243556946;1.5639243556946;1.5639243556946;92.1108885295416;-10.8891114704584;-10.8891114704584
